{"address": "171.212.200.116", "port": "7777", "protocol": "HTTP"},
{"address": "49.79.193.128", "port": "61234", "protocol": "HTTP"},
{"address": "113.87.195.94", "port": "61234", "protocol": "HTTP"},
{"address": "180.173.149.144", "port": "9797", "protocol": "HTTP"},
{"address": "122.114.31.177", "port": "808", "protocol": "HTTP"},
{"address": "61.135.217.7", "port": "80", "protocol": "HTTP"},
{"address": "183.157.188.142", "port": "8118", "protocol": "HTTP"},
{"address": "122.241.74.194", "port": "808", "protocol": "HTTP"},
{"address": "203.174.112.13", "port": "3128", "protocol": "HTTP"},
{"address": "49.70.204.16", "port": "8118", "protocol": "HTTP"},
{"address": "27.209.166.55", "port": "61234", "protocol": "HTTP"},
{"address": "183.20.9.192", "port": "61234", "protocol": "HTTP"},
{"address": "117.84.179.23", "port": "36894", "protocol": "HTTP"},
{"address": "117.69.3.101", "port": "61234", "protocol": "HTTP"},
{"address": "182.54.20.242", "port": "61202", "protocol": "HTTP"},
{"address": "125.44.47.186", "port": "61202", "protocol": "HTTP"},
{"address": "60.184.174.144", "port": "3128", "protocol": "HTTP"},
{"address": "183.23.74.26", "port": "61234", "protocol": "HTTP"},
{"address": "120.79.241.31", "port": "6666", "protocol": "HTTP"},
{"address": "49.79.194.60", "port": "61234", "protocol": "HTTP"},
{"address": "183.157.175.37", "port": "8118", "protocol": "HTTP"},
{"address": "113.117.107.11", "port": "61234", "protocol": "HTTP"},
{"address": "14.120.181.254", "port": "61234", "protocol": "HTTP"},
{"address": "183.32.220.20", "port": "61234", "protocol": "HTTP"},
{"address": "171.94.196.41", "port": "61202", "protocol": "HTTP"},
{"address": "222.185.145.85", "port": "48888", "protocol": "HTTP"},
{"address": "110.73.11.116", "port": "8123", "protocol": "HTTP"},
{"address": "121.27.149.231", "port": "61202", "protocol": "HTTP"},
{"address": "1.196.135.163", "port": "61234", "protocol": "HTTP"},
{"address": "120.79.197.108", "port": "6666", "protocol": "HTTP"},
{"address": "1.197.72.245", "port": "61234", "protocol": "HTTP"},
{"address": "116.19.96.131", "port": "9797", "protocol": "HTTP"},
{"address": "182.202.223.206", "port": "61234", "protocol": "HTTP"},
{"address": "111.155.116.222", "port": "8123", "protocol": "HTTP"},
{"address": "49.79.192.10", "port": "61234", "protocol": "HTTP"},
{"address": "111.155.116.217", "port": "8123", "protocol": "HTTP"},
{"address": "14.120.183.154", "port": "61234", "protocol": "HTTP"},
{"address": "1.199.211.103", "port": "61234", "protocol": "HTTP"},
{"address": "114.227.150.55", "port": "6666", "protocol": "HTTP"},
{"address": "115.208.85.191", "port": "61234", "protocol": "HTTP"},
{"address": "175.148.79.75", "port": "1133", "protocol": "HTTP"},
{"address": "121.231.171.204", "port": "6666", "protocol": "HTTP"},
{"address": "115.223.82.203", "port": "61202", "protocol": "HTTP"},
{"address": "58.216.202.149", "port": "8118", "protocol": "HTTP"},
{"address": "111.155.116.201", "port": "8123", "protocol": "HTTP"},
{"address": "122.244.14.10", "port": "61202", "protocol": "HTTP"},
{"address": "106.83.55.209", "port": "61202", "protocol": "HTTP"},
{"address": "114.80.223.213", "port": "9000", "protocol": "HTTP"},
{"address": "111.155.116.215", "port": "8123", "protocol": "HTTP"},
{"address": "114.230.41.54", "port": "3128", "protocol": "HTTP"},
{"address": "1.195.243.235", "port": "61234", "protocol": "HTTP"},
{"address": "183.68.28.218", "port": "61202", "protocol": "HTTP"},
{"address": "14.118.254.157", "port": "6666", "protocol": "HTTP"},
{"address": "121.31.163.51", "port": "8123", "protocol": "HTTP"},
{"address": "14.118.253.22", "port": "6666", "protocol": "HTTP"},
{"address": "112.239.89.104", "port": "61234", "protocol": "HTTP"},
{"address": "123.53.132.208", "port": "61234", "protocol": "HTTP"},
{"address": "114.230.41.201", "port": "808", "protocol": "HTTP"},
{"address": "14.20.235.26", "port": "9797", "protocol": "HTTP"},
{"address": "116.53.95.137", "port": "61202", "protocol": "HTTP"},
{"address": "27.201.191.86", "port": "8118", "protocol": "HTTP"},
{"address": "125.47.247.161", "port": "61202", "protocol": "HTTP"},
{"address": "113.118.98.205", "port": "9999", "protocol": "HTTP"},
{"address": "59.32.37.31", "port": "61234", "protocol": "HTTP"},
{"address": "36.45.176.249", "port": "61202", "protocol": "HTTP"},
{"address": "183.153.52.44", "port": "61202", "protocol": "HTTP"},
{"address": "39.72.89.240", "port": "61202", "protocol": "HTTP"},
{"address": "106.124.149.209", "port": "61202", "protocol": "HTTP"},
{"address": "59.53.42.173", "port": "8118", "protocol": "HTTP"},
{"address": "39.79.213.154", "port": "61202", "protocol": "HTTP"},
{"address": "49.73.85.188", "port": "8118", "protocol": "HTTP"},
{"address": "223.241.58.134", "port": "61202", "protocol": "HTTP"},
{"address": "36.59.94.101", "port": "61202", "protocol": "HTTP"},
{"address": "123.55.152.191", "port": "61234", "protocol": "HTTP"},
{"address": "27.44.163.6", "port": "9999", "protocol": "HTTP"},
{"address": "219.216.121.153", "port": "61202", "protocol": "HTTP"},
{"address": "59.38.241.198", "port": "61234", "protocol": "HTTP"},
{"address": "121.231.147.74", "port": "6666", "protocol": "HTTP"},
{"address": "221.10.224.189", "port": "61202", "protocol": "HTTP"},
{"address": "222.217.33.222", "port": "61202", "protocol": "HTTP"},
{"address": "180.113.1.46", "port": "8118", "protocol": "HTTP"},
{"address": "125.121.122.76", "port": "6666", "protocol": "HTTP"},
{"address": "171.37.168.47", "port": "8123", "protocol": "HTTP"},
{"address": "125.112.171.151", "port": "61234", "protocol": "HTTP"},
{"address": "106.112.167.228", "port": "808", "protocol": "HTTP"},
{"address": "218.20.55.124", "port": "9999", "protocol": "HTTP"},
{"address": "60.162.58.141", "port": "61202", "protocol": "HTTP"},
{"address": "113.89.157.136", "port": "9797", "protocol": "HTTP"},
{"address": "171.37.164.168", "port": "8123", "protocol": "HTTP"},
{"address": "123.245.80.64", "port": "61202", "protocol": "HTTP"},
{"address": "171.12.224.41", "port": "61234", "protocol": "HTTP"},
{"address": "220.172.101.172", "port": "61202", "protocol": "HTTP"},
{"address": "1.194.152.8", "port": "61234", "protocol": "HTTP"},
{"address": "58.42.2.163", "port": "61202", "protocol": "HTTP"},
{"address": "124.91.170.216", "port": "80", "protocol": "HTTP"},
{"address": "59.32.37.245", "port": "61234", "protocol": "HTTP"},
{"address": "222.186.45.57", "port": "62386", "protocol": "HTTP"},
{"address": "39.78.199.25", "port": "61202", "protocol": "HTTP"},
{"address": "223.245.230.37", "port": "47355", "protocol": "HTTP"},
{"address": "27.36.137.68", "port": "61202", "protocol": "HTTP"},
{"address": "157.0.51.224", "port": "8118", "protocol": "HTTPS"},
{"address": "1.197.88.101", "port": "61202", "protocol": "HTTPS"},
{"address": "113.200.88.237", "port": "61202", "protocol": "HTTPS"},
{"address": "202.196.185.6", "port": "61202", "protocol": "HTTPS"},
{"address": "122.72.18.35", "port": "80", "protocol": "HTTPS"},
{"address": "113.232.200.18", "port": "61202", "protocol": "HTTPS"},
{"address": "101.132.121.157", "port": "9000", "protocol": "HTTPS"},
{"address": "119.28.152.208", "port": "80", "protocol": "HTTPS"},
{"address": "122.72.18.34", "port": "80", "protocol": "HTTPS"},
{"address": "114.215.95.188", "port": "3128", "protocol": "HTTPS"},
{"address": "118.212.137.135", "port": "31288", "protocol": "HTTPS"},
{"address": "60.205.125.201", "port": "8888", "protocol": "HTTPS"},
{"address": "211.159.177.212", "port": "3128", "protocol": "HTTPS"},
{"address": "139.224.80.139", "port": "3128", "protocol": "HTTPS"},
{"address": "59.67.152.230", "port": "3128", "protocol": "HTTPS"},
{"address": "112.254.77.34", "port": "61202", "protocol": "HTTPS"},
{"address": "49.79.192.234", "port": "61234", "protocol": "HTTPS"},
{"address": "115.215.215.223", "port": "8118", "protocol": "HTTPS"},
{"address": "114.99.85.126", "port": "61234", "protocol": "HTTPS"},
{"address": "120.79.225.211", "port": "6666", "protocol": "HTTPS"},
{"address": "122.242.94.58", "port": "61234", "protocol": "HTTPS"},
{"address": "222.188.188.204", "port": "6666", "protocol": "HTTPS"},
{"address": "49.79.194.76", "port": "61234", "protocol": "HTTPS"},
{"address": "39.82.205.206", "port": "8118", "protocol": "HTTPS"},
{"address": "120.40.132.58", "port": "33237", "protocol": "HTTPS"},
{"address": "180.118.243.114", "port": "808", "protocol": "HTTPS"},
{"address": "120.78.78.141", "port": "8888", "protocol": "HTTPS"},
{"address": "27.152.112.150", "port": "8118", "protocol": "HTTPS"},
{"address": "27.28.233.231", "port": "61234", "protocol": "HTTPS"},
{"address": "223.245.198.198", "port": "61234", "protocol": "HTTPS"},
{"address": "27.28.233.153", "port": "61234", "protocol": "HTTPS"},
{"address": "222.186.45.65", "port": "56721", "protocol": "HTTPS"},
{"address": "1.195.242.176", "port": "61234", "protocol": "HTTPS"},
{"address": "117.83.115.57", "port": "24426", "protocol": "HTTPS"},
{"address": "120.32.29.95", "port": "8118", "protocol": "HTTPS"},
{"address": "218.57.79.135", "port": "8118", "protocol": "HTTPS"},
{"address": "27.28.234.93", "port": "61234", "protocol": "HTTPS"},
{"address": "180.113.144.241", "port": "8118", "protocol": "HTTPS"},
{"address": "182.202.222.170", "port": "61234", "protocol": "HTTPS"},
{"address": "222.185.132.47", "port": "6666", "protocol": "HTTPS"},
{"address": "120.77.254.116", "port": "3128", "protocol": "HTTPS"},
{"address": "117.90.150.229", "port": "53281", "protocol": "HTTPS"},
{"address": "175.148.74.38", "port": "1133", "protocol": "HTTPS"},
{"address": "182.240.32.102", "port": "61202", "protocol": "HTTPS"},
{"address": "49.89.248.113", "port": "8888", "protocol": "HTTPS"},
{"address": "27.44.171.14", "port": "9797", "protocol": "HTTPS"},
{"address": "14.112.76.96", "port": "61234", "protocol": "HTTPS"},
{"address": "1.195.244.159", "port": "61234", "protocol": "HTTPS"},
{"address": "180.155.213.25", "port": "8118", "protocol": "HTTPS"},
{"address": "42.96.168.79", "port": "8888", "protocol": "HTTPS"},
{"address": "183.157.174.45", "port": "8118", "protocol": "HTTPS"},
{"address": "123.232.221.116", "port": "61202", "protocol": "HTTPS"},
{"address": "14.118.252.204", "port": "6666", "protocol": "HTTPS"},
{"address": "1.198.12.15", "port": "61234", "protocol": "HTTPS"},
{"address": "125.120.200.66", "port": "6666", "protocol": "HTTPS"},
{"address": "115.204.27.43", "port": "6666", "protocol": "HTTPS"},
{"address": "114.100.177.146", "port": "61234", "protocol": "HTTPS"},
{"address": "171.39.29.42", "port": "8123", "protocol": "HTTPS"},
{"address": "115.58.129.226", "port": "8118", "protocol": "HTTPS"},
{"address": "115.53.56.90", "port": "61234", "protocol": "HTTPS"},
{"address": "27.36.145.117", "port": "61202", "protocol": "HTTPS"},
{"address": "171.94.196.105", "port": "61202", "protocol": "HTTPS"},
{"address": "171.37.168.143", "port": "8123", "protocol": "HTTPS"},
{"address": "113.232.195.132", "port": "61202", "protocol": "HTTPS"},
{"address": "113.14.40.73", "port": "61202", "protocol": "HTTPS"},
{"address": "49.83.131.190", "port": "808", "protocol": "HTTPS"},
{"address": "42.63.198.234", "port": "61202", "protocol": "HTTPS"},
{"address": "220.184.212.133", "port": "6666", "protocol": "HTTPS"},
{"address": "120.79.237.114", "port": "6666", "protocol": "HTTPS"},
{"address": "183.155.94.113", "port": "61202", "protocol": "HTTPS"},
{"address": "222.181.25.197", "port": "61202", "protocol": "HTTPS"},
{"address": "123.163.154.22", "port": "61234", "protocol": "HTTPS"},
{"address": "183.157.171.193", "port": "8118", "protocol": "HTTPS"},
{"address": "112.195.101.123", "port": "1133", "protocol": "HTTPS"},
{"address": "114.113.126.87", "port": "80", "protocol": "HTTPS"},
{"address": "183.157.169.106", "port": "8118", "protocol": "HTTPS"},
{"address": "120.14.96.70", "port": "61202", "protocol": "HTTPS"},
{"address": "183.157.171.252", "port": "61202", "protocol": "HTTPS"},
{"address": "115.226.46.174", "port": "61202", "protocol": "HTTPS"},
{"address": "180.160.6.86", "port": "8888", "protocol": "HTTPS"},
{"address": "114.214.162.136", "port": "8118", "protocol": "HTTPS"},
{"address": "114.226.135.42", "port": "6666", "protocol": "HTTPS"},
{"address": "59.51.123.152", "port": "3128", "protocol": "HTTPS"},
{"address": "183.23.72.13", "port": "61234", "protocol": "HTTPS"},
{"address": "36.6.159.31", "port": "61234", "protocol": "HTTPS"},
{"address": "110.73.35.172", "port": "8123", "protocol": "HTTPS"},
{"address": "27.13.17.78", "port": "61202", "protocol": "HTTPS"},
{"address": "60.176.233.218", "port": "6666", "protocol": "HTTPS"},
{"address": "115.197.17.164", "port": "61202", "protocol": "HTTPS"},
{"address": "119.114.108.2", "port": "61202", "protocol": "HTTPS"},
{"address": "113.121.241.236", "port": "61234", "protocol": "HTTPS"},
{"address": "59.32.37.63", "port": "61234", "protocol": "HTTPS"},
{"address": "171.113.193.19", "port": "61202", "protocol": "HTTPS"},
{"address": "113.13.36.227", "port": "61202", "protocol": "HTTPS"},
{"address": "182.114.221.180", "port": "61202", "protocol": "HTTPS"},
{"address": "60.162.73.45", "port": "61202", "protocol": "HTTPS"},
{"address": "124.128.167.230", "port": "61202", "protocol": "HTTPS"},
{"address": "114.228.81.136", "port": "6666", "protocol": "HTTPS"},
{"address": "14.112.76.152", "port": "61234", "protocol": "HTTPS"},
{"address": "61.54.186.128", "port": "61234", "protocol": "HTTPS"},
{"address": "112.254.77.34", "port": "61202", "protocol": "HTTPS"},
{"address": "49.79.192.234", "port": "61234", "protocol": "HTTPS"},
{"address": "171.212.200.116", "port": "7777", "protocol": "HTTP"},
{"address": "49.79.193.128", "port": "61234", "protocol": "HTTP"},
{"address": "113.87.195.94", "port": "61234", "protocol": "HTTP"},
{"address": "115.215.215.223", "port": "8118", "protocol": "HTTPS"},
{"address": "114.99.85.126", "port": "61234", "protocol": "HTTPS"},
{"address": "122.114.31.177", "port": "808", "protocol": "HTTP"},
{"address": "61.135.217.7", "port": "80", "protocol": "HTTP"},
{"address": "113.232.200.18", "port": "61202", "protocol": "HTTPS"},
{"address": "120.79.225.211", "port": "6666", "protocol": "HTTPS"},
{"address": "122.242.94.58", "port": "61234", "protocol": "HTTPS"},
{"address": "222.188.188.204", "port": "6666", "protocol": "HTTPS"},
{"address": "183.157.188.142", "port": "8118", "protocol": "HTTP"},
{"address": "122.241.74.194", "port": "808", "protocol": "HTTP"},
{"address": "49.79.194.76", "port": "61234", "protocol": "HTTPS"},
{"address": "49.70.204.16", "port": "8118", "protocol": "HTTP"},
{"address": "39.82.205.206", "port": "8118", "protocol": "HTTPS"},
{"address": "27.209.166.55", "port": "61234", "protocol": "HTTP"},
{"address": "183.20.9.192", "port": "61234", "protocol": "HTTP"},
{"address": "117.84.179.23", "port": "36894", "protocol": "HTTP"},
{"address": "120.40.132.58", "port": "33237", "protocol": "HTTPS"},
{"address": "113.200.88.237", "port": "61202", "protocol": "HTTPS"},
{"address": "1.197.88.101", "port": "61202", "protocol": "HTTPS"},
{"address": "180.118.243.114", "port": "808", "protocol": "HTTPS"},
{"address": "117.69.3.101", "port": "61234", "protocol": "HTTP"},
{"address": "27.152.112.150", "port": "8118", "protocol": "HTTPS"},
{"address": "182.54.20.242", "port": "61202", "protocol": "HTTP"},
{"address": "125.44.47.186", "port": "61202", "protocol": "HTTP"},
{"address": "60.184.174.144", "port": "3128", "protocol": "HTTP"},
{"address": "27.28.233.231", "port": "61234", "protocol": "HTTPS"},
{"address": "223.245.198.198", "port": "61234", "protocol": "HTTPS"},
{"address": "183.23.74.26", "port": "61234", "protocol": "HTTP"},
{"address": "157.0.51.224", "port": "8118", "protocol": "HTTPS"},
{"address": "27.28.233.153", "port": "61234", "protocol": "HTTPS"},
{"address": "120.79.241.31", "port": "6666", "protocol": "HTTP"},
{"address": "1.195.242.176", "port": "61234", "protocol": "HTTPS"},
{"address": "49.79.194.60", "port": "61234", "protocol": "HTTP"},
{"address": "117.83.115.57", "port": "24426", "protocol": "HTTPS"},
{"address": "183.157.175.37", "port": "8118", "protocol": "HTTP"},
{"address": "218.57.79.135", "port": "8118", "protocol": "HTTPS"},
{"address": "113.117.107.11", "port": "61234", "protocol": "HTTP"},
{"address": "27.28.234.93", "port": "61234", "protocol": "HTTPS"},
{"address": "180.113.144.241", "port": "8118", "protocol": "HTTPS"},
{"address": "182.202.222.170", "port": "61234", "protocol": "HTTPS"},
{"address": "14.120.181.254", "port": "61234", "protocol": "HTTP"},
{"address": "183.32.220.20", "port": "61234", "protocol": "HTTP"},
{"address": "171.94.196.41", "port": "61202", "protocol": "HTTP"},
{"address": "222.185.132.47", "port": "6666", "protocol": "HTTPS"},
{"address": "222.185.145.85", "port": "48888", "protocol": "HTTP"},
{"address": "110.73.11.116", "port": "8123", "protocol": "HTTP"},
{"address": "121.27.149.231", "port": "61202", "protocol": "HTTP"},
{"address": "1.196.135.163", "port": "61234", "protocol": "HTTP"},
{"address": "120.79.197.108", "port": "6666", "protocol": "HTTP"},
{"address": "1.197.72.245", "port": "61234", "protocol": "HTTP"},
{"address": "117.90.150.229", "port": "53281", "protocol": "HTTPS"},
{"address": "175.148.74.38", "port": "1133", "protocol": "HTTPS"},
{"address": "182.202.223.206", "port": "61234", "protocol": "HTTP"},
{"address": "182.240.32.102", "port": "61202", "protocol": "HTTPS"},
{"address": "121.31.101.237", "port": "8123", "protocol": "HTTP"},
{"address": "111.155.116.222", "port": "8123", "protocol": "HTTP"},
{"address": "49.89.248.113", "port": "8888", "protocol": "HTTPS"},
{"address": "14.112.76.96", "port": "61234", "protocol": "HTTPS"},
{"address": "1.195.244.159", "port": "61234", "protocol": "HTTPS"},
{"address": "180.155.213.25", "port": "8118", "protocol": "HTTPS"},
{"address": "42.96.168.79", "port": "8888", "protocol": "HTTPS"},
{"address": "49.79.192.10", "port": "61234", "protocol": "HTTP"},
{"address": "183.157.174.45", "port": "8118", "protocol": "HTTPS"},
{"address": "123.232.221.116", "port": "61202", "protocol": "HTTPS"},
{"address": "14.118.252.204", "port": "6666", "protocol": "HTTPS"},
{"address": "1.198.12.15", "port": "61234", "protocol": "HTTPS"},
{"address": "111.155.116.217", "port": "8123", "protocol": "HTTP"},
{"address": "14.120.183.154", "port": "61234", "protocol": "HTTP"},
{"address": "1.199.211.103", "port": "61234", "protocol": "HTTP"},
{"address": "114.227.150.55", "port": "6666", "protocol": "HTTP"},
{"address": "125.120.200.66", "port": "6666", "protocol": "HTTPS"},
{"address": "115.204.27.43", "port": "6666", "protocol": "HTTPS"},
{"address": "114.100.177.146", "port": "61234", "protocol": "HTTPS"},
{"address": "115.208.85.191", "port": "61234", "protocol": "HTTP"},
{"address": "171.39.29.42", "port": "8123", "protocol": "HTTPS"},
{"address": "115.58.129.226", "port": "8118", "protocol": "HTTPS"},
{"address": "115.53.56.90", "port": "61234", "protocol": "HTTPS"},
{"address": "27.36.145.117", "port": "61202", "protocol": "HTTPS"},
{"address": "171.94.196.105", "port": "61202", "protocol": "HTTPS"},
{"address": "171.37.168.143", "port": "8123", "protocol": "HTTPS"},
{"address": "113.232.195.132", "port": "61202", "protocol": "HTTPS"},
{"address": "113.14.40.73", "port": "61202", "protocol": "HTTPS"},
{"address": "175.148.79.75", "port": "1133", "protocol": "HTTP"},
{"address": "121.231.171.204", "port": "6666", "protocol": "HTTP"},
{"address": "115.223.82.203", "port": "61202", "protocol": "HTTP"},
{"address": "49.83.131.190", "port": "808", "protocol": "HTTPS"},
{"address": "58.216.202.149", "port": "8118", "protocol": "HTTP"},
{"address": "111.155.116.201", "port": "8123", "protocol": "HTTP"},
{"address": "42.63.198.234", "port": "61202", "protocol": "HTTPS"},
{"address": "220.184.212.133", "port": "6666", "protocol": "HTTPS"},
{"address": "120.79.237.114", "port": "6666", "protocol": "HTTPS"},
{"address": "183.155.94.113", "port": "61202", "protocol": "HTTPS"},
{"address": "222.181.25.197", "port": "61202", "protocol": "HTTPS"},
{"address": "122.244.14.10", "port": "61202", "protocol": "HTTP"},
{"address": "106.83.55.209", "port": "61202", "protocol": "HTTP"},
{"address": "202.196.185.6", "port": "61202", "protocol": "HTTPS"},
{"address": "58.252.6.165", "port": "9000", "protocol": "HTTP"},
{"address": "122.72.18.35", "port": "80", "protocol": "HTTPS"},
{"address": "101.132.121.157", "port": "9000", "protocol": "HTTPS"},
{"address": "119.28.152.208", "port": "80", "protocol": "HTTPS"},
{"address": "122.72.18.34", "port": "80", "protocol": "HTTPS"},
{"address": "114.215.95.188", "port": "3128", "protocol": "HTTPS"},
{"address": "118.212.137.135", "port": "31288", "protocol": "HTTPS"},
{"address": "60.205.125.201", "port": "8888", "protocol": "HTTPS"},
{"address": "211.159.177.212", "port": "3128", "protocol": "HTTPS"},
{"address": "139.224.80.139", "port": "3128", "protocol": "HTTPS"},
{"address": "59.67.152.230", "port": "3128", "protocol": "HTTPS"},
{"address": "180.173.149.144", "port": "9797", "protocol": "HTTP"},
{"address": "203.174.112.13", "port": "3128", "protocol": "HTTP"},
{"address": "120.78.78.141", "port": "8888", "protocol": "HTTPS"},
{"address": "222.186.45.65", "port": "56721", "protocol": "HTTPS"},
{"address": "61.158.187.157", "port": "8080", "protocol": "HTTP"},
{"address": "120.32.29.95", "port": "8118", "protocol": "HTTPS"},
{"address": "120.77.254.116", "port": "3128", "protocol": "HTTPS"},
{"address": "116.19.96.131", "port": "9797", "protocol": "HTTP"},
{"address": "27.44.171.14", "port": "9797", "protocol": "HTTPS"},
{"address": "114.80.223.213", "port": "9000", "protocol": "HTTP"},
{"address": "114.113.126.87", "port": "80", "protocol": "HTTPS"},
{"address": "14.20.235.26", "port": "9797", "protocol": "HTTP"},
{"address": "27.46.51.168", "port": "9000", "protocol": "HTTPS"},
{"address": "113.76.96.14", "port": "9797", "protocol": "HTTPS"},
{"address": "183.185.27.152", "port": "9797", "protocol": "HTTPS"},
{"address": "113.118.98.205", "port": "9999", "protocol": "HTTP"},
{"address": "27.44.170.47", "port": "9999", "protocol": "HTTPS"},
{"address": "27.44.163.6", "port": "9999", "protocol": "HTTP"},
{"address": "113.89.157.136", "port": "9797", "protocol": "HTTPS"},
{"address": "218.20.55.124", "port": "9999", "protocol": "HTTP"},
{"address": "183.33.192.101", "port": "9797", "protocol": "HTTPS"},
{"address": "218.20.54.4", "port": "9999", "protocol": "HTTPS"},
{"address": "113.89.157.136", "port": "9797", "protocol": "HTTP"},
{"address": "222.186.45.57", "port": "62386", "protocol": "HTTP"},
{"address": "112.192.46.44", "port": "9797", "protocol": "HTTPS"},
{"address": "113.92.93.50", "port": "9797", "protocol": "HTTPS"},
{"address": "218.20.55.208", "port": "9797", "protocol": "HTTPS"},
{"address": "183.33.131.183", "port": "9999", "protocol": "HTTPS"},
{"address": "59.76.154.141", "port": "61202", "protocol": "HTTPS"},
{"address": "114.237.145.79", "port": "9999", "protocol": "HTTPS"},
{"address": "124.88.84.154", "port": "8080", "protocol": "HTTPS"},
{"address": "116.17.116.56", "port": "9999", "protocol": "HTTPS"},
{"address": "113.65.127.145", "port": "9999", "protocol": "HTTPS"},
{"address": "222.132.145.122", "port": "53281", "protocol": "HTTP"},
{"address": "113.200.214.164", "port": "9999", "protocol": "HTTP"},
{"address": "14.220.245.135", "port": "9797", "protocol": "HTTPS"},
{"address": "58.222.181.139", "port": "3128", "protocol": "HTTPS"},
{"address": "123.161.16.121", "port": "9797", "protocol": "HTTPS"},
{"address": "218.64.119.216", "port": "53281", "protocol": "HTTPS"},
{"address": "171.111.185.19", "port": "9000", "protocol": "HTTPS"},
{"address": "101.205.70.139", "port": "9797", "protocol": "HTTP"},
{"address": "124.133.55.134", "port": "7777", "protocol": "HTTPS"},
{"address": "171.109.33.171", "port": "61202", "protocol": "HTTPS"},
{"address": "113.93.224.54", "port": "9797", "protocol": "HTTPS"},
{"address": "113.76.96.110", "port": "9797", "protocol": "HTTPS"},
{"address": "218.20.55.196", "port": "9797", "protocol": "HTTP"},
{"address": "116.30.120.3", "port": "9000", "protocol": "HTTP"},
{"address": "221.237.136.30", "port": "8118", "protocol": "HTTP"},
{"address": "218.6.145.11", "port": "9797", "protocol": "HTTP"},
{"address": "222.186.12.102", "port": "57624", "protocol": "HTTPS"},
{"address": "114.113.126.86", "port": "80", "protocol": "HTTP"},
{"address": "114.113.126.83", "port": "80", "protocol": "HTTPS"},
{"address": "113.87.163.57", "port": "9797", "protocol": "HTTPS"},
{"address": "114.227.131.17", "port": "6666", "protocol": "HTTPS"},
{"address": "114.113.126.82", "port": "80", "protocol": "HTTPS"},
{"address": "182.88.135.136", "port": "9797", "protocol": "HTTP"},
{"address": "119.123.179.36", "port": "9000", "protocol": "HTTP"},
{"address": "182.88.135.136", "port": "9797", "protocol": "HTTPS"},
{"address": "106.113.243.7", "port": "9999", "protocol": "HTTP"},
{"address": "116.23.137.233", "port": "9999", "protocol": "HTTPS"},
{"address": "118.122.102.149", "port": "9999", "protocol": "HTTPS"},
{"address": "218.20.55.87", "port": "9797", "protocol": "HTTPS"},
{"address": "27.44.162.193", "port": "9999", "protocol": "HTTPS"},
{"address": "222.76.187.204", "port": "8118", "protocol": "HTTPS"},
{"address": "218.20.54.210", "port": "9797", "protocol": "HTTPS"},
{"address": "113.89.157.196", "port": "9797", "protocol": "HTTPS"},
{"address": "27.44.167.244", "port": "9999", "protocol": "HTTPS"},
{"address": "27.46.38.196", "port": "9797", "protocol": "HTTPS"},
{"address": "218.20.54.232", "port": "9797", "protocol": "HTTP"},
{"address": "114.249.113.110", "port": "9000", "protocol": "HTTPS"},
{"address": "222.185.211.26", "port": "6666", "protocol": "HTTPS"},
{"address": "119.27.177.169", "port": "80", "protocol": "HTTPS"},
{"address": "218.20.54.23", "port": "9797", "protocol": "HTTPS"},
{"address": "222.223.96.226", "port": "9999", "protocol": "HTTP"},
{"address": "218.20.55.211", "port": "9797", "protocol": "HTTPS"},
{"address": "117.63.76.30", "port": "6666", "protocol": "HTTPS"},
{"address": "119.122.3.68", "port": "9000", "protocol": "HTTPS"},
{"address": "101.205.69.8", "port": "9797", "protocol": "HTTP"},
{"address": "218.20.54.152", "port": "9797", "protocol": "HTTPS"},
{"address": "218.89.222.110", "port": "9999", "protocol": "HTTPS"},
{"address": "180.168.210.132", "port": "80", "protocol": "HTTPS"},
{"address": "180.173.145.206", "port": "9797", "protocol": "HTTP"},
{"address": "14.153.55.7", "port": "3128", "protocol": "HTTP"},
{"address": "111.207.55.16", "port": "1080", "protocol": "HTTP"},
{"address": "218.20.54.6", "port": "9797", "protocol": "HTTPS"},
{"address": "27.44.171.35", "port": "9999", "protocol": "HTTPS"},
{"address": "27.44.174.144", "port": "9999", "protocol": "HTTPS"},
{"address": "171.212.138.241", "port": "6666", "protocol": "HTTP"}
][
{"address": "222.86.151.131", "port": "61202", "protocol": "HTTP"},
{"address": "139.129.166.68", "port": "3128", "protocol": "HTTP"},
{"address": "183.138.197.10", "port": "61202", "protocol": "HTTP"},
{"address": "125.126.164.248", "port": "25120", "protocol": "HTTP"},
{"address": "122.114.31.177", "port": "808", "protocol": "HTTP"},
{"address": "1.198.137.222", "port": "61234", "protocol": "HTTP"},
{"address": "61.135.217.7", "port": "80", "protocol": "HTTP"},
{"address": "180.121.208.181", "port": "61202", "protocol": "HTTP"},
{"address": "183.162.70.161", "port": "61202", "protocol": "HTTP"},
{"address": "171.80.67.222", "port": "61202", "protocol": "HTTP"},
{"address": "203.174.112.13", "port": "3128", "protocol": "HTTP"},
{"address": "183.20.9.192", "port": "61234", "protocol": "HTTP"},
{"address": "114.234.52.42", "port": "61202", "protocol": "HTTP"},
{"address": "171.109.36.143", "port": "61202", "protocol": "HTTP"},
{"address": "118.254.155.158", "port": "3128", "protocol": "HTTP"},
{"address": "36.59.73.116", "port": "61202", "protocol": "HTTP"},
{"address": "112.81.162.76", "port": "61202", "protocol": "HTTP"},
{"address": "112.250.80.163", "port": "61202", "protocol": "HTTP"},
{"address": "27.219.56.58", "port": "61202", "protocol": "HTTP"},
{"address": "112.226.31.124", "port": "61202", "protocol": "HTTP"},
{"address": "182.207.57.67", "port": "61202", "protocol": "HTTP"},
{"address": "125.119.60.176", "port": "61202", "protocol": "HTTP"},
{"address": "27.193.4.150", "port": "8118", "protocol": "HTTP"},
{"address": "101.65.131.132", "port": "61202", "protocol": "HTTP"},
{"address": "122.243.11.176", "port": "61202", "protocol": "HTTP"},
{"address": "171.43.244.148", "port": "61202", "protocol": "HTTP"},
{"address": "111.167.106.188", "port": "8118", "protocol": "HTTP"},
{"address": "27.152.112.151", "port": "8118", "protocol": "HTTP"},
{"address": "117.95.28.49", "port": "61202", "protocol": "HTTP"},
{"address": "122.231.83.110", "port": "61202", "protocol": "HTTP"},
{"address": "60.182.122.235", "port": "61202", "protocol": "HTTP"},
{"address": "182.241.255.20", "port": "61202", "protocol": "HTTP"},
{"address": "116.17.236.248", "port": "61234", "protocol": "HTTP"},
{"address": "111.155.116.219", "port": "8123", "protocol": "HTTP"},
{"address": "180.105.111.122", "port": "61234", "protocol": "HTTP"},
{"address": "113.122.12.19", "port": "61234", "protocol": "HTTP"},
{"address": "60.19.200.145", "port": "61202", "protocol": "HTTP"},
{"address": "1.182.57.189", "port": "61202", "protocol": "HTTP"},
{"address": "171.94.201.175", "port": "61202", "protocol": "HTTP"},
{"address": "112.66.180.84", "port": "61202", "protocol": "HTTP"},
{"address": "60.179.234.54", "port": "61234", "protocol": "HTTP"},
{"address": "183.141.36.74", "port": "61202", "protocol": "HTTP"},
{"address": "222.183.211.240", "port": "8118", "protocol": "HTTP"},
{"address": "58.45.227.34", "port": "61202", "protocol": "HTTP"},
{"address": "110.246.140.97", "port": "61202", "protocol": "HTTP"},
{"address": "114.233.67.183", "port": "61202", "protocol": "HTTP"},
{"address": "49.79.193.225", "port": "61234", "protocol": "HTTP"},
{"address": "124.133.124.112", "port": "61202", "protocol": "HTTP"},
{"address": "121.237.143.122", "port": "3128", "protocol": "HTTP"},
{"address": "120.77.208.131", "port": "6666", "protocol": "HTTP"},
{"address": "110.73.11.116", "port": "8123", "protocol": "HTTP"},
{"address": "182.122.163.235", "port": "61234", "protocol": "HTTP"},
{"address": "58.216.202.149", "port": "8118", "protocol": "HTTP"},
{"address": "171.14.13.7", "port": "61234", "protocol": "HTTP"},
{"address": "117.22.1.56", "port": "61202", "protocol": "HTTP"},
{"address": "125.124.6.187", "port": "61202", "protocol": "HTTP"},
{"address": "1.60.38.33", "port": "61202", "protocol": "HTTP"},
{"address": "182.88.90.90", "port": "8123", "protocol": "HTTP"},
{"address": "112.250.94.175", "port": "61202", "protocol": "HTTP"},
{"address": "119.165.163.151", "port": "61202", "protocol": "HTTP"},
{"address": "119.184.65.190", "port": "61202", "protocol": "HTTP"},
{"address": "180.106.92.74", "port": "61202", "protocol": "HTTP"},
{"address": "121.236.40.193", "port": "61202", "protocol": "HTTP"},
{"address": "123.15.14.92", "port": "61202", "protocol": "HTTP"},
{"address": "115.228.57.55", "port": "61202", "protocol": "HTTP"},
{"address": "180.118.240.219", "port": "61234", "protocol": "HTTP"},
{"address": "223.243.199.99", "port": "61202", "protocol": "HTTP"},
{"address": "222.188.191.183", "port": "6666", "protocol": "HTTP"},
{"address": "114.227.17.120", "port": "6666", "protocol": "HTTP"},
{"address": "59.32.37.60", "port": "3128", "protocol": "HTTP"},
{"address": "49.70.204.16", "port": "8118", "protocol": "HTTP"},
{"address": "183.150.162.222", "port": "1133", "protocol": "HTTP"},
{"address": "119.177.236.60", "port": "61202", "protocol": "HTTP"},
{"address": "171.13.92.43", "port": "61202", "protocol": "HTTP"},
{"address": "117.71.185.32", "port": "61202", "protocol": "HTTP"},
{"address": "27.40.128.184", "port": "61234", "protocol": "HTTP"},
{"address": "111.155.116.237", "port": "8123", "protocol": "HTTP"},
{"address": "42.52.136.13", "port": "61202", "protocol": "HTTP"},
{"address": "113.87.195.94", "port": "61234", "protocol": "HTTP"},
{"address": "115.237.74.20", "port": "8123", "protocol": "HTTP"},
{"address": "171.39.44.25", "port": "8123", "protocol": "HTTP"},
{"address": "60.175.101.212", "port": "61202", "protocol": "HTTP"},
{"address": "59.51.123.116", "port": "3128", "protocol": "HTTP"},
{"address": "123.128.64.62", "port": "61202", "protocol": "HTTP"},
{"address": "182.125.192.170", "port": "61202", "protocol": "HTTP"},
{"address": "171.88.163.17", "port": "9999", "protocol": "HTTP"},
{"address": "106.42.210.166", "port": "61234", "protocol": "HTTP"},
{"address": "59.38.241.51", "port": "61234", "protocol": "HTTP"},
{"address": "122.241.9.99", "port": "61202", "protocol": "HTTP"},
{"address": "114.223.69.46", "port": "61202", "protocol": "HTTP"},
{"address": "27.225.58.13", "port": "61202", "protocol": "HTTP"},
{"address": "117.83.53.107", "port": "61202", "protocol": "HTTP"},
{"address": "58.219.102.95", "port": "61202", "protocol": "HTTP"},
{"address": "125.109.192.234", "port": "26200", "protocol": "HTTP"},
{"address": "27.193.76.172", "port": "61202", "protocol": "HTTP"},
{"address": "171.36.14.53", "port": "61202", "protocol": "HTTP"},
{"address": "27.40.149.232", "port": "61234", "protocol": "HTTP"},
{"address": "49.70.64.235", "port": "38812", "protocol": "HTTP"},
{"address": "27.28.234.14", "port": "61234", "protocol": "HTTP"},
{"address": "106.226.197.131", "port": "61202", "protocol": "HTTP"},
{"address": "180.175.178.2", "port": "9999", "protocol": "HTTPS"},
{"address": "139.129.166.68", "port": "3128", "protocol": "HTTP"},
{"address": "101.132.121.157", "port": "9000", "protocol": "HTTPS"},
{"address": "111.230.165.16", "port": "3128", "protocol": "HTTPS"},
{"address": "202.196.185.6", "port": "61202", "protocol": "HTTPS"},
{"address": "114.215.95.188", "port": "3128", "protocol": "HTTPS"},
{"address": "122.72.18.34", "port": "80", "protocol": "HTTPS"},
{"address": "59.67.152.230", "port": "3128", "protocol": "HTTPS"},
{"address": "118.212.137.135", "port": "31288", "protocol": "HTTPS"},
{"address": "119.28.152.208", "port": "80", "protocol": "HTTPS"},
{"address": "139.224.80.139", "port": "3128", "protocol": "HTTPS"},
{"address": "60.205.125.201", "port": "8888", "protocol": "HTTPS"},
{"address": "211.159.177.212", "port": "3128", "protocol": "HTTPS"},
{"address": "58.198.144.47", "port": "61202", "protocol": "HTTPS"},
{"address": "122.72.18.35", "port": "80", "protocol": "HTTPS"},
{"address": "112.192.46.56", "port": "9797", "protocol": "HTTPS"},
{"address": "203.174.112.13", "port": "3128", "protocol": "HTTP"},
{"address": "124.161.152.42", "port": "8123", "protocol": "HTTPS"},
{"address": "120.92.119.187", "port": "10000", "protocol": "HTTPS"},
{"address": "112.192.45.56", "port": "9797", "protocol": "HTTPS"},
{"address": "113.118.99.69", "port": "9797", "protocol": "HTTPS"},
{"address": "183.30.197.151", "port": "9797", "protocol": "HTTPS"},
{"address": "120.78.78.141", "port": "8888", "protocol": "HTTPS"},
{"address": "120.77.254.116", "port": "3128", "protocol": "HTTPS"},
{"address": "120.92.21.238", "port": "10000", "protocol": "HTTPS"},
{"address": "125.89.54.81", "port": "9797", "protocol": "HTTPS"},
{"address": "58.251.228.114", "port": "9797", "protocol": "HTTPS"},
{"address": "222.183.211.240", "port": "8118", "protocol": "HTTP"},
{"address": "183.23.73.59", "port": "9000", "protocol": "HTTPS"},
{"address": "14.220.244.61", "port": "9797", "protocol": "HTTPS"},
{"address": "171.88.163.17", "port": "9999", "protocol": "HTTP"},
{"address": "14.118.205.37", "port": "9797", "protocol": "HTTPS"},
{"address": "116.19.96.131", "port": "9797", "protocol": "HTTP"},
{"address": "27.46.48.223", "port": "9797", "protocol": "HTTPS"},
{"address": "119.139.196.17", "port": "3128", "protocol": "HTTPS"},
{"address": "183.172.32.68", "port": "1080", "protocol": "HTTPS"},
{"address": "171.88.163.38", "port": "9999", "protocol": "HTTP"},
{"address": "180.116.214.62", "port": "6666", "protocol": "HTTPS"},
{"address": "218.20.54.114", "port": "9797", "protocol": "HTTP"},
{"address": "112.192.47.18", "port": "9797", "protocol": "HTTPS"},
{"address": "175.171.189.74", "port": "53281", "protocol": "HTTP"},
{"address": "122.245.129.156", "port": "6666", "protocol": "HTTPS"},
{"address": "14.153.55.90", "port": "3128", "protocol": "HTTP"},
{"address": "180.173.149.144", "port": "9797", "protocol": "HTTP"},
{"address": "58.252.6.165", "port": "9000", "protocol": "HTTP"},
{"address": "222.186.45.65", "port": "56721", "protocol": "HTTPS"},
{"address": "61.158.187.157", "port": "8080", "protocol": "HTTP"},
{"address": "120.32.29.95", "port": "8118", "protocol": "HTTPS"},
{"address": "27.44.171.14", "port": "9797", "protocol": "HTTPS"},
{"address": "114.80.223.213", "port": "9000", "protocol": "HTTP"},
{"address": "114.113.126.87", "port": "80", "protocol": "HTTPS"},
{"address": "14.20.235.26", "port": "9797", "protocol": "HTTP"},
{"address": "27.46.51.168", "port": "9000", "protocol": "HTTPS"},
{"address": "113.76.96.14", "port": "9797", "protocol": "HTTPS"},
{"address": "183.185.27.152", "port": "9797", "protocol": "HTTPS"},
{"address": "113.118.98.205", "port": "9999", "protocol": "HTTP"},
{"address": "27.44.170.47", "port": "9999", "protocol": "HTTPS"},
{"address": "27.44.163.6", "port": "9999", "protocol": "HTTP"},
{"address": "113.89.157.136", "port": "9797", "protocol": "HTTPS"},
{"address": "218.20.55.124", "port": "9999", "protocol": "HTTP"},
{"address": "183.33.192.101", "port": "9797", "protocol": "HTTPS"},
{"address": "218.20.54.4", "port": "9999", "protocol": "HTTPS"},
{"address": "113.89.157.136", "port": "9797", "protocol": "HTTP"},
{"address": "222.186.45.57", "port": "62386", "protocol": "HTTP"},
{"address": "112.192.46.44", "port": "9797", "protocol": "HTTPS"},
{"address": "113.92.93.50", "port": "9797", "protocol": "HTTPS"},
{"address": "218.20.55.208", "port": "9797", "protocol": "HTTPS"},
{"address": "183.33.131.183", "port": "9999", "protocol": "HTTPS"},
{"address": "59.76.154.141", "port": "61202", "protocol": "HTTPS"},
{"address": "114.237.145.79", "port": "9999", "protocol": "HTTPS"},
{"address": "124.88.84.154", "port": "8080", "protocol": "HTTPS"},
{"address": "116.17.116.56", "port": "9999", "protocol": "HTTPS"},
{"address": "113.65.127.145", "port": "9999", "protocol": "HTTPS"},
{"address": "222.132.145.122", "port": "53281", "protocol": "HTTP"},
{"address": "113.200.214.164", "port": "9999", "protocol": "HTTP"},
{"address": "14.220.245.135", "port": "9797", "protocol": "HTTPS"},
{"address": "58.222.181.139", "port": "3128", "protocol": "HTTPS"},
{"address": "123.161.16.121", "port": "9797", "protocol": "HTTPS"},
{"address": "218.64.119.216", "port": "53281", "protocol": "HTTPS"},
{"address": "171.111.185.19", "port": "9000", "protocol": "HTTPS"},
{"address": "101.205.70.139", "port": "9797", "protocol": "HTTP"},
{"address": "124.133.55.134", "port": "7777", "protocol": "HTTPS"},
{"address": "171.109.33.171", "port": "61202", "protocol": "HTTPS"},
{"address": "113.93.224.54", "port": "9797", "protocol": "HTTPS"},
{"address": "113.76.96.110", "port": "9797", "protocol": "HTTPS"},
{"address": "218.20.55.196", "port": "9797", "protocol": "HTTP"},
{"address": "116.30.120.3", "port": "9000", "protocol": "HTTP"},
{"address": "221.237.136.30", "port": "8118", "protocol": "HTTP"},
{"address": "218.6.145.11", "port": "9797", "protocol": "HTTP"},
{"address": "222.186.12.102", "port": "57624", "protocol": "HTTPS"},
{"address": "114.113.126.86", "port": "80", "protocol": "HTTP"},
{"address": "114.113.126.83", "port": "80", "protocol": "HTTPS"},
{"address": "113.87.163.57", "port": "9797", "protocol": "HTTPS"},
{"address": "114.227.131.17", "port": "6666", "protocol": "HTTPS"},
{"address": "114.113.126.82", "port": "80", "protocol": "HTTPS"},
{"address": "182.88.135.136", "port": "9797", "protocol": "HTTP"},
{"address": "119.123.179.36", "port": "9000", "protocol": "HTTP"},
{"address": "182.88.135.136", "port": "9797", "protocol": "HTTPS"},
{"address": "106.113.243.7", "port": "9999", "protocol": "HTTP"},
{"address": "116.23.137.233", "port": "9999", "protocol": "HTTPS"},
{"address": "114.228.139.43", "port": "6666", "protocol": "HTTPS"},
{"address": "119.166.146.137", "port": "61202", "protocol": "HTTPS"},
{"address": "27.19.94.224", "port": "61202", "protocol": "HTTPS"},
{"address": "121.231.160.42", "port": "61202", "protocol": "HTTPS"},
{"address": "183.23.74.218", "port": "61234", "protocol": "HTTPS"},
{"address": "219.144.113.177", "port": "61202", "protocol": "HTTPS"},
{"address": "180.118.241.225", "port": "808", "protocol": "HTTPS"},
{"address": "183.158.14.116", "port": "53281", "protocol": "HTTPS"},
{"address": "112.249.122.83", "port": "61202", "protocol": "HTTPS"},
{"address": "180.175.178.2", "port": "9999", "protocol": "HTTPS"},
{"address": "101.132.121.157", "port": "9000", "protocol": "HTTPS"},
{"address": "111.230.165.16", "port": "3128", "protocol": "HTTPS"},
{"address": "202.196.185.6", "port": "61202", "protocol": "HTTPS"},
{"address": "222.208.96.74", "port": "61202", "protocol": "HTTPS"},
{"address": "114.215.95.188", "port": "3128", "protocol": "HTTPS"},
{"address": "122.72.18.34", "port": "80", "protocol": "HTTPS"},
{"address": "59.67.152.230", "port": "3128", "protocol": "HTTPS"},
{"address": "118.212.137.135", "port": "31288", "protocol": "HTTPS"},
{"address": "119.28.152.208", "port": "80", "protocol": "HTTPS"},
{"address": "139.224.80.139", "port": "3128", "protocol": "HTTPS"},
{"address": "60.205.125.201", "port": "8888", "protocol": "HTTPS"},
{"address": "211.159.177.212", "port": "3128", "protocol": "HTTPS"},
{"address": "58.198.144.47", "port": "61202", "protocol": "HTTPS"},
{"address": "1.197.88.101", "port": "61202", "protocol": "HTTPS"},
{"address": "122.72.18.35", "port": "80", "protocol": "HTTPS"},
{"address": "119.177.239.182", "port": "61202", "protocol": "HTTPS"},
{"address": "60.171.16.141", "port": "61202", "protocol": "HTTPS"},
{"address": "112.192.46.56", "port": "9797", "protocol": "HTTPS"},
{"address": "110.51.132.74", "port": "61202", "protocol": "HTTPS"},
{"address": "116.2.20.73", "port": "61202", "protocol": "HTTPS"},
{"address": "112.230.6.179", "port": "61202", "protocol": "HTTPS"},
{"address": "171.39.198.254", "port": "808", "protocol": "HTTPS"},
{"address": "124.161.152.42", "port": "8123", "protocol": "HTTPS"},
{"address": "115.196.148.224", "port": "61202", "protocol": "HTTPS"},
{"address": "119.114.210.144", "port": "61202", "protocol": "HTTPS"},
{"address": "60.212.75.82", "port": "61202", "protocol": "HTTPS"},
{"address": "183.20.11.56", "port": "61234", "protocol": "HTTPS"},
{"address": "114.107.195.29", "port": "61202", "protocol": "HTTPS"},
{"address": "221.226.36.174", "port": "61202", "protocol": "HTTPS"},
{"address": "110.73.53.228", "port": "8123", "protocol": "HTTPS"},
{"address": "113.122.3.88", "port": "61234", "protocol": "HTTPS"},
{"address": "60.187.11.107", "port": "61202", "protocol": "HTTPS"},
{"address": "58.45.232.150", "port": "61202", "protocol": "HTTPS"},
{"address": "223.214.209.214", "port": "61202", "protocol": "HTTPS"},
{"address": "120.68.249.210", "port": "61202", "protocol": "HTTPS"},
{"address": "144.52.124.129", "port": "61202", "protocol": "HTTPS"},
{"address": "1.195.57.220", "port": "61202", "protocol": "HTTPS"},
{"address": "183.23.74.73", "port": "61234", "protocol": "HTTPS"},
{"address": "114.227.17.86", "port": "6666", "protocol": "HTTPS"},
{"address": "222.142.186.241", "port": "61202", "protocol": "HTTPS"},
{"address": "113.86.220.97", "port": "61234", "protocol": "HTTPS"},
{"address": "120.92.119.187", "port": "10000", "protocol": "HTTPS"},
{"address": "112.192.45.56", "port": "9797", "protocol": "HTTPS"},
{"address": "113.86.222.21", "port": "1133", "protocol": "HTTPS"},
{"address": "114.100.166.125", "port": "61202", "protocol": "HTTPS"},
{"address": "119.183.244.117", "port": "61202", "protocol": "HTTPS"},
{"address": "42.57.208.22", "port": "61202", "protocol": "HTTPS"},
{"address": "110.83.135.164", "port": "61202", "protocol": "HTTPS"},
{"address": "115.199.7.249", "port": "61202", "protocol": "HTTPS"},
{"address": "49.72.205.118", "port": "61202", "protocol": "HTTPS"},
{"address": "222.243.153.249", "port": "61202", "protocol": "HTTPS"},
{"address": "113.118.99.69", "port": "9797", "protocol": "HTTPS"},
{"address": "153.3.43.30", "port": "61202", "protocol": "HTTPS"},
{"address": "115.202.177.125", "port": "61202", "protocol": "HTTPS"},
{"address": "119.249.176.195", "port": "61202", "protocol": "HTTPS"},
{"address": "124.114.80.233", "port": "61202", "protocol": "HTTPS"},
{"address": "183.30.197.151", "port": "9797", "protocol": "HTTPS"},
{"address": "120.78.78.141", "port": "8888", "protocol": "HTTPS"},
{"address": "60.166.48.204", "port": "61202", "protocol": "HTTPS"},
{"address": "120.77.254.116", "port": "3128", "protocol": "HTTPS"},
{"address": "223.240.32.188", "port": "61202", "protocol": "HTTPS"},
{"address": "27.213.158.193", "port": "61202", "protocol": "HTTPS"},
{"address": "116.17.236.146", "port": "61234", "protocol": "HTTPS"},
{"address": "183.185.177.35", "port": "61202", "protocol": "HTTPS"},
{"address": "144.52.79.213", "port": "61202", "protocol": "HTTPS"},
{"address": "61.174.216.126", "port": "61202", "protocol": "HTTPS"},
{"address": "36.24.55.98", "port": "61202", "protocol": "HTTPS"},
{"address": "171.94.202.215", "port": "61202", "protocol": "HTTPS"},
{"address": "183.157.189.251", "port": "8118", "protocol": "HTTPS"},
{"address": "27.40.156.236", "port": "61202", "protocol": "HTTPS"},
{"address": "58.45.66.130", "port": "61202", "protocol": "HTTPS"},
{"address": "59.48.11.134", "port": "61202", "protocol": "HTTPS"},
{"address": "106.124.48.69", "port": "61202", "protocol": "HTTPS"},
{"address": "175.149.174.193", "port": "61202", "protocol": "HTTPS"},
{"address": "171.36.13.174", "port": "61202", "protocol": "HTTPS"},
{"address": "110.247.252.152", "port": "61202", "protocol": "HTTPS"},
{"address": "125.121.112.172", "port": "6666", "protocol": "HTTPS"},
{"address": "120.92.21.238", "port": "10000", "protocol": "HTTPS"},
{"address": "123.146.90.151", "port": "61202", "protocol": "HTTPS"},
{"address": "115.58.129.226", "port": "8118", "protocol": "HTTPS"},
{"address": "180.113.99.25", "port": "8123", "protocol": "HTTPS"},
{"address": "139.189.181.136", "port": "61202", "protocol": "HTTPS"},
{"address": "123.8.248.202", "port": "61202", "protocol": "HTTPS"},
{"address": "125.89.54.81", "port": "9797", "protocol": "HTTPS"},
{"address": "180.116.121.106", "port": "6666", "protocol": "HTTPS"},
{"address": "42.177.147.181", "port": "61202", "protocol": "HTTPS"},
{"address": "113.86.221.215", "port": "808", "protocol": "HTTPS"},
{"address": "218.5.89.48", "port": "8118", "protocol": "HTTPS"},
{"address": "118.125.236.209", "port": "61202", "protocol": "HTTPS"},
{"address": "58.251.228.114", "port": "9797", "protocol": "HTTPS"},
{"address": "222.86.151.131", "port": "61202", "protocol": "HTTP"},
{"address": "183.138.197.10", "port": "61202", "protocol": "HTTP"},
{"address": "125.126.164.248", "port": "25120", "protocol": "HTTP"},
{"address": "222.208.96.74", "port": "61202", "protocol": "HTTPS"},
{"address": "122.114.31.177", "port": "808", "protocol": "HTTP"},
{"address": "1.198.137.222", "port": "61234", "protocol": "HTTP"},
{"address": "61.135.217.7", "port": "80", "protocol": "HTTP"},
{"address": "1.197.88.101", "port": "61202", "protocol": "HTTPS"},
{"address": "119.177.239.182", "port": "61202", "protocol": "HTTPS"},
{"address": "60.171.16.141", "port": "61202", "protocol": "HTTPS"},
{"address": "180.121.208.181", "port": "61202", "protocol": "HTTP"},
{"address": "183.162.70.161", "port": "61202", "protocol": "HTTP"},
{"address": "110.51.132.74", "port": "61202", "protocol": "HTTPS"},
{"address": "171.80.67.222", "port": "61202", "protocol": "HTTP"},
{"address": "116.2.20.73", "port": "61202", "protocol": "HTTPS"},
{"address": "112.230.6.179", "port": "61202", "protocol": "HTTPS"},
{"address": "171.39.198.254", "port": "808", "protocol": "HTTPS"},
{"address": "115.196.148.224", "port": "61202", "protocol": "HTTPS"},
{"address": "119.114.210.144", "port": "61202", "protocol": "HTTPS"},
{"address": "60.212.75.82", "port": "61202", "protocol": "HTTPS"},
{"address": "183.20.11.56", "port": "61234", "protocol": "HTTPS"},
{"address": "183.20.9.192", "port": "61234", "protocol": "HTTP"},
{"address": "114.234.52.42", "port": "61202", "protocol": "HTTP"},
{"address": "171.109.36.143", "port": "61202", "protocol": "HTTP"},
{"address": "118.254.155.158", "port": "3128", "protocol": "HTTP"},
{"address": "221.10.159.234", "port": "1337", "protocol": "HTTP"},
{"address": "36.59.73.116", "port": "61202", "protocol": "HTTP"},
{"address": "114.107.195.29", "port": "61202", "protocol": "HTTPS"},
{"address": "221.226.36.174", "port": "61202", "protocol": "HTTPS"},
{"address": "110.73.53.228", "port": "8123", "protocol": "HTTPS"},
{"address": "113.122.3.88", "port": "61234", "protocol": "HTTPS"},
{"address": "60.187.11.107", "port": "61202", "protocol": "HTTPS"},
{"address": "58.45.232.150", "port": "61202", "protocol": "HTTPS"},
{"address": "223.214.209.214", "port": "61202", "protocol": "HTTPS"},
{"address": "120.68.249.210", "port": "61202", "protocol": "HTTPS"},
{"address": "144.52.124.129", "port": "61202", "protocol": "HTTPS"},
{"address": "112.81.162.76", "port": "61202", "protocol": "HTTP"},
{"address": "1.195.57.220", "port": "61202", "protocol": "HTTPS"},
{"address": "112.250.80.163", "port": "61202", "protocol": "HTTP"},
{"address": "27.219.56.58", "port": "61202", "protocol": "HTTP"},
{"address": "112.226.31.124", "port": "61202", "protocol": "HTTP"},
{"address": "182.207.57.67", "port": "61202", "protocol": "HTTP"},
{"address": "183.23.74.73", "port": "61234", "protocol": "HTTPS"},
{"address": "114.227.17.86", "port": "6666", "protocol": "HTTPS"},
{"address": "222.142.186.241", "port": "61202", "protocol": "HTTPS"},
{"address": "113.86.220.97", "port": "61234", "protocol": "HTTPS"},
{"address": "125.119.60.176", "port": "61202", "protocol": "HTTP"},
{"address": "113.86.222.21", "port": "1133", "protocol": "HTTPS"},
{"address": "114.100.166.125", "port": "61202", "protocol": "HTTPS"},
{"address": "27.193.4.150", "port": "8118", "protocol": "HTTP"},
{"address": "101.65.131.132", "port": "61202", "protocol": "HTTP"},
{"address": "119.183.244.117", "port": "61202", "protocol": "HTTPS"},
{"address": "42.57.208.22", "port": "61202", "protocol": "HTTPS"},
{"address": "110.83.135.164", "port": "61202", "protocol": "HTTPS"},
{"address": "122.243.11.176", "port": "61202", "protocol": "HTTP"},
{"address": "171.43.244.148", "port": "61202", "protocol": "HTTP"},
{"address": "115.199.7.249", "port": "61202", "protocol": "HTTPS"},
{"address": "49.72.205.118", "port": "61202", "protocol": "HTTPS"},
{"address": "222.243.153.249", "port": "61202", "protocol": "HTTPS"},
{"address": "111.167.106.188", "port": "8118", "protocol": "HTTP"},
{"address": "153.3.43.30", "port": "61202", "protocol": "HTTPS"},
{"address": "115.202.177.125", "port": "61202", "protocol": "HTTPS"},
{"address": "27.152.112.151", "port": "8118", "protocol": "HTTP"},
{"address": "119.249.176.195", "port": "61202", "protocol": "HTTPS"},
{"address": "117.95.28.49", "port": "61202", "protocol": "HTTP"},
{"address": "122.231.83.110", "port": "61202", "protocol": "HTTP"},
{"address": "124.114.80.233", "port": "61202", "protocol": "HTTPS"},
{"address": "60.166.48.204", "port": "61202", "protocol": "HTTPS"},
{"address": "223.240.32.188", "port": "61202", "protocol": "HTTPS"},
{"address": "27.213.158.193", "port": "61202", "protocol": "HTTPS"},
{"address": "116.17.236.146", "port": "61234", "protocol": "HTTPS"},
{"address": "183.185.177.35", "port": "61202", "protocol": "HTTPS"},
{"address": "144.52.79.213", "port": "61202", "protocol": "HTTPS"},
{"address": "61.174.216.126", "port": "61202", "protocol": "HTTPS"},
{"address": "36.24.55.98", "port": "61202", "protocol": "HTTPS"},
{"address": "171.94.202.215", "port": "61202", "protocol": "HTTPS"},
{"address": "60.182.122.235", "port": "61202", "protocol": "HTTP"},
{"address": "183.157.189.251", "port": "8118", "protocol": "HTTPS"},
{"address": "27.40.156.236", "port": "61202", "protocol": "HTTPS"},
{"address": "58.45.66.130", "port": "61202", "protocol": "HTTPS"},
{"address": "59.48.11.134", "port": "61202", "protocol": "HTTPS"},
{"address": "106.124.48.69", "port": "61202", "protocol": "HTTPS"},
{"address": "175.149.174.193", "port": "61202", "protocol": "HTTPS"},
{"address": "171.36.13.174", "port": "61202", "protocol": "HTTPS"},
{"address": "110.247.252.152", "port": "61202", "protocol": "HTTPS"},
{"address": "125.121.112.172", "port": "6666", "protocol": "HTTPS"},
{"address": "123.146.90.151", "port": "61202", "protocol": "HTTPS"},
{"address": "115.58.129.226", "port": "8118", "protocol": "HTTPS"},
{"address": "180.113.99.25", "port": "8123", "protocol": "HTTPS"},
{"address": "139.189.181.136", "port": "61202", "protocol": "HTTPS"},
{"address": "182.241.255.20", "port": "61202", "protocol": "HTTP"},
{"address": "116.17.236.248", "port": "61234", "protocol": "HTTP"},
{"address": "123.8.248.202", "port": "61202", "protocol": "HTTPS"},
{"address": "180.116.121.106", "port": "6666", "protocol": "HTTPS"},
{"address": "42.177.147.181", "port": "61202", "protocol": "HTTPS"},
{"address": "111.155.116.219", "port": "8123", "protocol": "HTTP"},
{"address": "113.86.221.215", "port": "808", "protocol": "HTTPS"},
{"address": "218.5.89.48", "port": "8118", "protocol": "HTTPS"},
{"address": "180.105.111.122", "port": "61234", "protocol": "HTTP"},
{"address": "118.125.236.209", "port": "61202", "protocol": "HTTPS"}